{"initial_reset_timestamp": 1546378765.721764, "timestamps": [1546378783.912628, 1546378797.703729, 1546378800.333168, 1546378863.7964978, 1546378891.161443, 1546378892.925607, 1546378894.7308102, 1546378926.6607208, 1546378928.4218721, 1546378966.293528, 1546379005.6195788, 1546379007.155033, 1546379008.724267, 1546379098.1865091, 1546379100.454921, 1546379150.93539, 1546379152.6066601, 1546379266.907905, 1546379330.105407, 1546379972.944166], "episode_lengths": [451, 211, 121, 510, 119, 91, 91, 82, 82, 131, 144, 82, 82, 206, 121, 107, 91, 416, 148, 1622], "episode_rewards": [1201.0, 1055.0, 666.0, 513.0, 666.0, 717.0, 717.0, 732.0, 732.0, 604.0, 577.0, 732.0, 732.0, 451.0, 665.0, 691.0, 699.0, 1746.0, 583.0, 1169.0], "episode_types": ["t", "t", "t", "t", "t", "t", "t", "t", "t", "t", "t", "t", "t", "t", "t", "t", "t", "t", "t", "t", "t"]}