{"initial_reset_timestamp": 1546386525.615339, "timestamps": [1546386529.485205, 1546386534.669024, 1546386537.3062432, 1546386547.07995, 1546386549.572959, 1546386561.152664, 1546386563.017985, 1546386579.358748, 1546386581.389107, 1546386690.640671], "episode_lengths": [121, 121, 121, 117, 114, 87, 84, 85, 82, 690], "episode_rewards": [666.0, 666.0, 666.0, 671.0, 664.0, 716.0, 731.0, 727.0, 732.0, 989.0], "episode_types": ["t", "t", "t", "t", "t", "t", "t", "t", "t", "t", "t"]}